CODIGO,Frecuencia,Porcentaje
16-01-0137-46,1,0.04
16-01-0138-46,1,0.04
16-01-0139-46,1,0.04
16-01-0140-46,1,0.04
16-01-0141-46,1,0.04
16-01-0142-46,1,0.04
16-01-0143-46,1,0.04
16-01-0145-46,1,0.04
16-01-0147-46,1,0.04
16-01-0150-46,1,0.04
16-01-0155-46,1,0.04
16-01-0428-46,1,0.04
16-01-0471-46,1,0.04
16-01-0478-46,1,0.04
16-01-0481-46,1,0.04
16-01-0483-46,1,0.04
16-01-0557-46,1,0.04
16-01-0558-46,1,0.04
16-01-0559-46,1,0.04
16-01-0563-46,1,0.04
16-01-0565-46,1,0.04
16-01-0568-46,1,0.04
16-01-0570-46,1,0.04
16-01-0572-46,1,0.04
16-01-0573-46,1,0.04
16-01-0574-46,1,0.04
16-01-0583-46,1,0.04
16-01-0587-46,1,0.04
16-01-0588-46,1,0.04
16-01-0604-46,1,0.04
16-01-0609-46,1,0.04
16-01-0611-46,1,0.04
16-01-0612-46,1,0.04
16-01-0613-46,1,0.04
16-01-0616-46,1,0.04
16-01-0619-46,1,0.04
16-01-0642-46,1,0.04
16-01-0646-46,1,0.04
16-01-0647-46,1,0.04
16-01-0651-46,1,0.04
16-01-0652-46,1,0.04
16-01-0664-46,1,0.04
16-01-0665-46,1,0.04
16-01-0666-46,1,0.04
16-01-0668-46,1,0.04
16-01-0671-46,1,0.04
16-01-0672-46,1,0.04
16-01-0678-46,1,0.04
16-01-0681-46,1,0.04
16-01-0690-46,1,0.04
16-01-0694-46,1,0.04
16-01-0703-46,1,0.04
16-01-0705-46,1,0.04
16-01-0708-46,1,0.04
16-01-0710-46,1,0.04
16-01-0712-46,1,0.04
16-01-0909-46,1,0.04
16-01-0910-46,1,0.04
16-01-0912-46,1,0.04
16-01-0913-46,1,0.04
16-01-0915-46,1,0.04
16-01-0917-46,1,0.04
16-01-0918-46,1,0.04
16-01-0919-46,1,0.04
16-01-0922-46,1,0.04
16-01-0926-46,1,0.04
16-01-0927-46,1,0.04
16-01-0982-46,1,0.04
16-01-0986-46,1,0.04
16-01-0987-46,1,0.04
16-01-0990-46,1,0.04
16-01-0991-46,1,0.04
16-01-0994-46,1,0.04
16-01-0997-46,1,0.04
16-01-1001-46,1,0.04
16-01-1002-46,1,0.04
16-01-1005-46,1,0.04
16-01-1008-46,1,0.04
16-01-1009-46,1,0.04
16-01-1041-46,1,0.04
16-01-1042-46,1,0.04
16-01-1043-46,1,0.04
16-01-1046-46,1,0.04
16-01-1047-46,1,0.04
16-01-1048-46,1,0.04
16-01-1051-46,1,0.04
16-01-1055-46,1,0.04
16-01-1057-46,1,0.04
16-01-1058-46,1,0.04
16-01-1059-46,1,0.04
16-01-1172-46,1,0.04
16-01-1173-46,1,0.04
16-01-1174-46,1,0.04
16-01-1175-46,1,0.04
16-01-1176-46,1,0.04
16-01-1177-46,1,0.04
16-01-1259-46,1,0.04
16-01-1312-46,1,0.04
16-01-1313-46,1,0.04
16-01-1390-46,1,0.04
16-01-1393-46,1,0.04
16-01-1394-46,1,0.04
16-01-1401-46,1,0.04
16-01-1468-46,1,0.04
16-01-1469-46,1,0.04
16-01-1491-46,1,0.04
16-01-2156-46,1,0.04
16-01-2171-46,1,0.04
16-01-2301-46,1,0.04
16-01-2302-46,1,0.04
16-01-2947-46,1,0.04
16-01-3041-46,1,0.04
16-01-6190-46,1,0.04
16-01-6191-46,1,0.04
16-01-7308-46,1,0.04
16-01-8294-46,1,0.04
16-01-8317-46,1,0.04
16-01-8331-46,1,0.04
16-01-8335-46,1,0.04
16-01-8337-46,1,0.04
16-01-8813-46,1,0.04
16-01-8849-46,1,0.04
16-01-9067-46,1,0.04
16-01-9095-46,1,0.04
16-01-9102-46,1,0.04
16-01-9260-46,1,0.04
16-01-9544-46,1,0.04
16-01-9851-46,1,0.04
16-01-9897-46,1,0.04
16-01-9956-46,1,0.04
16-01-9958-46,1,0.04
16-01-9991-46,1,0.04
16-02-0013-46,1,0.04
16-02-0018-46,1,0.04
16-02-0020-46,1,0.04
16-02-0053-46,1,0.04
16-02-0055-46,1,0.04
16-03-0036-46,1,0.04
16-03-0047-46,1,0.04
16-03-0056-46,1,0.04
16-03-0076-46,1,0.04
16-03-0077-46,1,0.04
16-03-0082-46,1,0.04
16-03-0083-46,1,0.04
16-03-0087-46,1,0.04
16-03-0088-46,1,0.04
16-03-0092-46,1,0.04
16-03-0093-46,1,0.04
16-03-0095-46,1,0.04
16-03-0097-46,1,0.04
16-03-0104-46,1,0.04
16-03-0105-46,1,0.04
16-03-0106-46,1,0.04
16-03-0108-46,1,0.04
16-03-0109-46,1,0.04
16-03-0110-46,1,0.04
16-03-0139-46,1,0.04
16-03-0158-46,1,0.04
16-03-0242-46,1,0.04
16-03-0243-46,1,0.04
16-03-0245-46,1,0.04
16-03-0247-46,1,0.04
16-03-0259-46,1,0.04
16-03-0262-46,1,0.04
16-03-0263-46,1,0.04
16-03-0265-46,1,0.04
16-03-0266-46,1,0.04
16-03-0270-46,1,0.04
16-03-0271-46,1,0.04
16-03-0272-46,1,0.04
16-03-0273-46,1,0.04
16-03-0275-46,1,0.04
16-03-0280-46,1,0.04
16-03-0281-46,1,0.04
16-03-0282-46,1,0.04
16-03-1388-46,1,0.04
16-03-1429-46,1,0.04
16-03-1520-46,1,0.04
16-03-1607-46,1,0.04
16-03-9884-46,1,0.04
16-03-9885-46,1,0.04
16-03-9886-46,1,0.04
16-04-0036-46,1,0.04
16-04-0041-46,1,0.04
16-04-0042-46,1,0.04
16-04-0043-46,1,0.04
16-04-0046-46,1,0.04
16-04-0047-46,1,0.04
16-04-0049-46,1,0.04
16-04-0050-46,1,0.04
16-04-0062-46,1,0.04
16-04-0064-46,1,0.04
16-04-0068-46,1,0.04
16-04-0069-46,1,0.04
16-04-0072-46,1,0.04
16-04-0078-46,1,0.04
16-04-0079-46,1,0.04
16-04-0080-46,1,0.04
16-04-0118-46,1,0.04
16-04-0120-46,1,0.04
16-04-0122-46,1,0.04
16-04-0124-46,1,0.04
16-04-0128-46,1,0.04
16-04-0132-46,1,0.04
16-04-1233-46,1,0.04
16-04-1235-46,1,0.04
16-04-1709-46,1,0.04
16-04-2308-46,1,0.04
16-04-8320-46,1,0.04
16-04-8321-46,1,0.04
16-04-8322-46,1,0.04
16-04-8324-46,1,0.04
16-04-9906-46,1,0.04
16-05-0017-46,1,0.04
16-05-0057-46,1,0.04
16-05-9091-46,1,0.04
16-06-0090-46,1,0.04
16-06-0103-46,1,0.04
16-06-0104-46,1,0.04
16-06-0106-46,1,0.04
16-06-0143-46,1,0.04
16-06-0145-46,1,0.04
16-06-0146-46,1,0.04
16-06-2398-46,1,0.04
16-07-0117-46,1,0.04
16-07-0150-46,1,0.04
16-07-0181-46,1,0.04
16-07-0194-46,1,0.04
16-07-0195-46,1,0.04
16-07-0196-46,1,0.04
16-07-0197-46,1,0.04
16-07-0206-46,1,0.04
16-07-0207-46,1,0.04
16-07-0209-46,1,0.04
16-07-0211-46,1,0.04
16-07-0213-46,1,0.04
16-07-0214-46,1,0.04
16-07-0215-46,1,0.04
16-07-0216-46,1,0.04
16-07-0217-46,1,0.04
16-07-0221-46,1,0.04
16-07-0252-46,1,0.04
16-07-0253-46,1,0.04
16-07-0255-46,1,0.04
16-07-0257-46,1,0.04
16-07-0258-46,1,0.04
16-07-6948-46,1,0.04
16-07-6950-46,1,0.04
16-07-9096-46,1,0.04
16-07-9103-46,1,0.04
16-07-9639-46,1,0.04
16-08-0182-46,1,0.04
16-08-0183-46,1,0.04
16-08-0199-46,1,0.04
16-08-0204-46,1,0.04
16-08-0205-46,1,0.04
16-08-0206-46,1,0.04
16-08-0207-46,1,0.04
16-08-0208-46,1,0.04
16-08-0209-46,1,0.04
16-08-0216-46,1,0.04
16-08-0218-46,1,0.04
16-08-0219-46,1,0.04
16-08-0220-46,1,0.04
16-08-0223-46,1,0.04
16-08-0224-46,1,0.04
16-08-0225-46,1,0.04
16-08-1583-46,1,0.04
16-08-8292-46,1,0.04
16-09-0007-46,1,0.04
16-09-0386-46,1,0.04
16-09-0717-46,1,0.04
16-09-0720-46,1,0.04
16-09-0721-46,1,0.04
16-09-0742-46,1,0.04
16-09-0748-46,1,0.04
16-09-0750-46,1,0.04
16-09-0756-46,1,0.04
16-09-0760-46,1,0.04
16-09-0763-46,1,0.04
16-09-0796-46,1,0.04
16-09-0806-46,1,0.04
16-09-0812-46,1,0.04
16-09-0820-46,1,0.04
16-09-0827-46,1,0.04
16-09-0828-46,1,0.04
16-09-0829-46,1,0.04
16-09-0830-46,1,0.04
16-09-0834-46,1,0.04
16-09-0837-46,1,0.04
16-09-0838-46,1,0.04
16-09-0839-46,1,0.04
16-09-0840-46,1,0.04
16-09-0844-46,1,0.04
16-09-0848-46,1,0.04
16-09-0852-46,1,0.04
16-09-0855-46,1,0.04
16-09-0860-46,1,0.04
16-09-0862-46,1,0.04
16-09-0863-46,1,0.04
16-09-0864-46,1,0.04
16-09-0865-46,1,0.04
16-09-0866-46,1,0.04
16-09-0868-46,1,0.04
16-09-0870-46,1,0.04
16-09-0877-46,1,0.04
16-09-0880-46,1,0.04
16-09-0882-46,1,0.04
16-09-0883-46,1,0.04
16-09-0885-46,1,0.04
16-09-0932-46,1,0.04
16-09-0937-46,1,0.04
16-09-0938-46,1,0.04
16-09-0939-46,1,0.04
16-09-0940-46,1,0.04
16-09-0941-46,1,0.04
16-09-0945-46,1,0.04
16-09-0946-46,1,0.04
16-09-1574-46,1,0.04
16-09-2160-46,1,0.04
16-09-6450-46,1,0.04
16-09-7312-46,1,0.04
16-09-8332-46,1,0.04
16-09-8333-46,1,0.04
16-09-9258-46,1,0.04
16-09-9259-46,1,0.04
16-10-0001-46,1,0.04
16-10-0050-46,1,0.04
16-10-0051-46,1,0.04
16-10-0052-46,1,0.04
16-10-0053-46,1,0.04
16-10-0056-46,1,0.04
16-10-0062-46,1,0.04
16-10-0063-46,1,0.04
16-10-0064-46,1,0.04
16-10-0065-46,1,0.04
16-10-0066-46,1,0.04
16-10-0067-46,1,0.04
16-10-0069-46,1,0.04
16-10-0072-46,1,0.04
16-10-0138-46,1,0.04
16-10-0140-46,1,0.04
16-10-0150-46,1,0.04
16-10-0151-46,1,0.04
16-10-0155-46,1,0.04
16-10-1400-46,1,0.04
16-10-3816-46,1,0.04
16-10-7307-46,1,0.04
16-10-9601-46,1,0.04
16-11-0003-46,1,0.04
16-11-0027-46,1,0.04
16-11-0055-46,1,0.04
16-11-0057-46,1,0.04
16-11-0059-46,1,0.04
16-11-0060-46,1,0.04
16-11-0062-46,1,0.04
16-11-0089-46,1,0.04
16-11-0092-46,1,0.04
16-11-9092-46,1,0.04
16-12-0113-46,1,0.04
16-12-0125-46,1,0.04
16-12-0162-46,1,0.04
16-12-0182-46,1,0.04
16-12-0189-46,1,0.04
16-12-0192-46,1,0.04
16-12-0195-46,1,0.04
16-12-0199-46,1,0.04
16-12-0202-46,1,0.04
16-12-0203-46,1,0.04
16-12-0222-46,1,0.04
16-12-0272-46,1,0.04
16-12-0274-46,1,0.04
16-12-0275-46,1,0.04
16-12-0276-46,1,0.04
16-12-0277-46,1,0.04
16-12-1612-46,1,0.04
16-12-9214-46,1,0.04
16-12-9215-46,1,0.04
16-13-0225-46,1,0.04
16-13-0226-46,1,0.04
16-13-0227-46,1,0.04
16-13-0228-46,1,0.04
16-13-0240-46,1,0.04
16-13-0249-46,1,0.04
16-13-0252-46,1,0.04
16-13-0254-46,1,0.04
16-13-0263-46,1,0.04
16-13-0264-46,1,0.04
16-13-0265-46,1,0.04
16-13-0267-46,1,0.04
16-13-0270-46,1,0.04
16-13-0274-46,1,0.04
16-13-0315-46,1,0.04
16-13-0317-46,1,0.04
16-13-1616-46,1,0.04
16-13-9093-46,1,0.04
16-13-9612-46,1,0.04
16-13-9632-46,1,0.04
16-14-0054-46,1,0.04
16-14-0074-46,1,0.04
16-14-0088-46,1,0.04
16-14-0092-46,1,0.04
16-14-0107-46,1,0.04
16-14-0112-46,1,0.04
16-14-0113-46,1,0.04
16-14-0114-46,1,0.04
16-14-0115-46,1,0.04
16-14-0116-46,1,0.04
16-14-0117-46,1,0.04
16-14-0118-46,1,0.04
16-14-0120-46,1,0.04
16-14-0121-46,1,0.04
16-14-1344-46,1,0.04
16-14-1719-46,1,0.04
16-15-0002-46,1,0.04
16-15-0004-46,1,0.04
16-15-0005-46,1,0.04
16-15-0096-46,1,0.04
16-15-0127-46,1,0.04
16-15-0128-46,1,0.04
16-15-0130-46,1,0.04
16-15-0154-46,1,0.04
16-15-0156-46,1,0.04
16-15-0157-46,1,0.04
16-15-0163-46,1,0.04
16-15-0164-46,1,0.04
16-15-0170-46,1,0.04
16-15-0172-46,1,0.04
16-15-0174-46,1,0.04
16-15-0178-46,1,0.04
16-15-0179-46,1,0.04
16-15-0181-46,1,0.04
16-15-0182-46,1,0.04
16-15-0183-46,1,0.04
16-15-0184-46,1,0.04
16-15-0185-46,1,0.04
16-15-0188-46,1,0.04
16-15-0190-46,1,0.04
16-15-1474-46,1,0.04
16-15-2330-46,1,0.04
16-16-0049-46,1,0.04
16-16-0071-46,1,0.04
16-16-0072-46,1,0.04
16-16-0109-46,1,0.04
16-16-0110-46,1,0.04
16-16-0112-46,1,0.04
16-16-0116-46,1,0.04
16-16-0118-46,1,0.04
16-16-0119-46,1,0.04
16-16-0125-46,1,0.04
16-16-0126-46,1,0.04
16-16-0130-46,1,0.04
16-16-0131-46,1,0.04
16-16-0132-46,1,0.04
16-16-0134-46,1,0.04
16-16-0135-46,1,0.04
16-16-0136-46,1,0.04
16-16-0138-46,1,0.04
16-16-0139-46,1,0.04
16-16-0140-46,1,0.04
16-16-0141-46,1,0.04
16-16-0144-46,1,0.04
16-16-8541-46,1,0.04
16-17-0066-46,1,0.04
16-17-0071-46,1,0.04
16-17-0081-46,1,0.04
16-17-0115-46,1,0.04
16-17-0118-46,1,0.04
16-17-0120-46,1,0.04
16-17-0123-46,1,0.04
16-17-0143-46,1,0.04
16-17-0144-46,1,0.04
16-17-0147-46,1,0.04
16-17-0150-46,1,0.04
16-17-0151-46,1,0.04
15-01-0001-41,1,0.04
15-01-0002-42,1,0.04
15-01-0003-42,1,0.04
15-01-0004-42,1,0.04
15-01-0005-42,1,0.04
15-01-0006-42,1,0.04
15-01-0007-42,1,0.04
15-01-0008-43,1,0.04
15-01-0009-43,1,0.04
15-01-0010-43,1,0.04
15-01-0011-43,1,0.04
15-01-0012-43,1,0.04
15-01-0013-43,1,0.04
15-01-0014-43,1,0.04
15-01-0015-43,1,0.04
15-01-0016-43,1,0.04
15-01-0017-43,1,0.04
15-01-0018-43,1,0.04
15-01-0019-43,1,0.04
15-01-0020-43,1,0.04
15-01-0021-43,1,0.04
15-01-0022-43,1,0.04
15-01-0023-43,1,0.04
15-01-0024-43,1,0.04
15-01-0025-43,1,0.04
15-01-0026-43,1,0.04
15-01-0027-43,1,0.04
15-01-0028-43,1,0.04
15-01-0029-43,1,0.04
15-01-0030-43,1,0.04
15-01-0031-43,1,0.04
15-01-0032-43,1,0.04
15-01-0033-43,1,0.04
15-01-0034-43,1,0.04
15-01-0035-43,1,0.04
15-01-0036-43,1,0.04
15-01-0037-43,1,0.04
15-01-0038-43,1,0.04
15-01-0039-43,1,0.04
15-01-0040-43,1,0.04
15-01-0041-43,1,0.04
15-01-0042-43,1,0.04
15-01-0043-43,1,0.04
15-01-0044-43,1,0.04
15-01-0045-43,1,0.04
15-01-0046-43,1,0.04
15-01-0047-44,1,0.04
15-01-0048-45,1,0.04
15-01-0049-45,1,0.04
15-01-0050-45,1,0.04
15-01-0050-46,1,0.04
15-01-0051-45,1,0.04
15-01-0051-46,1,0.04
15-01-0052-45,1,0.04
15-01-0052-46,1,0.04
15-01-0053-43,1,0.04
15-01-0054-42,1,0.04
15-01-0055-42,1,0.04
15-01-0056-42,1,0.04
15-01-0057-42,1,0.04
15-01-0058-42,1,0.04
15-01-0059-42,1,0.04
15-01-0060-43,1,0.04
15-01-0061-43,1,0.04
15-01-0062-43,1,0.04
15-01-0063-43,1,0.04
15-01-0064-43,1,0.04
15-01-0065-43,1,0.04
15-01-0066-43,1,0.04
15-01-0067-43,1,0.04
15-01-0068-43,1,0.04
15-01-0069-43,1,0.04
15-01-0070-43,1,0.04
15-01-0071-43,1,0.04
15-01-0072-43,1,0.04
15-01-0073-43,1,0.04
15-01-0074-43,1,0.04
15-01-0075-43,1,0.04
15-01-0076-43,1,0.04
15-01-0077-42,1,0.04
15-01-0078-41,1,0.04
15-01-0079-42,1,0.04
15-01-0080-42,1,0.04
15-01-0081-42,1,0.04
15-01-0082-43,1,0.04
15-01-0083-45,1,0.04
15-01-0084-45,1,0.04
15-01-0085-45,1,0.04
15-01-0086-45,1,0.04
15-01-0087-46,1,0.04
15-01-0088-43,1,0.04
15-01-0089-43,1,0.04
15-01-0090-43,1,0.04
15-01-0091-43,1,0.04
15-01-0092-43,1,0.04
15-01-0093-43,1,0.04
15-01-0094-42,1,0.04
15-01-0095-42,1,0.04
15-01-0096-43,1,0.04
15-01-0097-42,1,0.04
15-01-0098-42,1,0.04
15-01-0099-46,1,0.04
15-01-0100-45,1,0.04
15-01-0101-45,1,0.04
15-01-0102-46,1,0.04
15-01-0103-45,1,0.04
15-01-0104-45,1,0.04
15-01-0105-45,1,0.04
15-01-0106-45,1,0.04
15-01-0107-45,1,0.04
15-01-0108-45,1,0.04
15-01-0109-46,1,0.04
15-01-0110-46,1,0.04
15-01-0111-46,1,0.04
15-01-0112-46,1,0.04
15-01-0113-46,1,0.04
15-01-0114-46,1,0.04
15-01-0115-46,1,0.04
15-01-0116-46,1,0.04
15-01-0117-43,1,0.04
15-01-0118-42,1,0.04
15-01-0119-44,1,0.04
15-01-0120-44,1,0.04
15-01-0121-44,1,0.04
15-01-0122-43,1,0.04
15-01-0123-45,1,0.04
15-01-0124-45,1,0.04
15-01-0125-46,1,0.04
15-01-0126-42,1,0.04
15-01-0127-42,1,0.04
15-01-0128-42,1,0.04
15-01-0129-42,1,0.04
15-01-0130-45,1,0.04
15-01-0131-45,1,0.04
15-01-0132-43,1,0.04
15-01-0133-42,1,0.04
15-01-0134-43,1,0.04
15-01-0135-46,1,0.04
15-01-0136-42,1,0.04
15-01-0137-42,1,0.04
15-01-0138-42,1,0.04
15-01-0139-45,1,0.04
15-01-0140-42,1,0.04
15-01-0141-45,1,0.04
15-01-0142-45,1,0.04
15-01-0143-46,1,0.04
15-01-0144-45,1,0.04
15-01-0145-45,1,0.04
15-01-0146-42,1,0.04
15-01-0147-42,1,0.04
15-01-0148-42,1,0.04
15-01-0149-42,1,0.04
15-01-0150-42,1,0.04
15-01-0151-42,1,0.04
15-01-0152-45,1,0.04
15-01-0153-46,1,0.04
15-01-0154-46,1,0.04
15-01-0155-42,1,0.04
15-01-0156-46,1,0.04
15-01-0157-46,1,0.04
15-01-0158-43,1,0.04
15-01-0159-45,1,0.04
15-01-0160-46,1,0.04
15-01-0161-42,1,0.04
15-01-0162-46,1,0.04
15-01-0163-42,1,0.04
15-01-0164-42,1,0.04
15-01-0165-45,1,0.04
15-01-0166-42,1,0.04
15-01-0167-43,1,0.04
15-01-0168-43,1,0.04
15-01-0169-45,1,0.04
15-01-0170-43,1,0.04
15-01-0171-42,1,0.04
15-01-0172-46,1,0.04
15-01-0173-45,1,0.04
15-01-0174-46,1,0.04
15-01-0175-45,1,0.04
15-01-0176-45,1,0.04
15-01-0177-46,1,0.04
15-01-0178-46,1,0.04
15-01-0179-45,1,0.04
15-01-0180-46,1,0.04
15-01-0181-45,1,0.04
15-01-0182-46,1,0.04
15-01-0183-45,1,0.04
15-01-0184-45,1,0.04
15-01-0185-46,1,0.04
15-01-0186-45,1,0.04
15-01-0187-45,1,0.04
15-01-0188-46,1,0.04
15-01-0189-45,1,0.04
15-01-0190-46,1,0.04
15-01-0191-46,1,0.04
15-01-0192-46,1,0.04
15-01-0193-46,1,0.04
15-01-0194-45,1,0.04
15-01-0297-43,1,0.04
15-01-0298-43,1,0.04
15-01-0299-43,1,0.04
15-01-0300-43,1,0.04
15-01-0301-43,1,0.04
15-01-0302-43,1,0.04
15-01-0303-43,1,0.04
15-01-0304-43,1,0.04
15-01-0305-43,1,0.04
15-01-0306-43,1,0.04
15-01-0307-43,1,0.04
15-01-0308-43,1,0.04
15-01-0309-43,1,0.04
15-01-0310-43,1,0.04
15-01-0311-43,1,0.04
15-01-0312-43,1,0.04
15-01-0313-43,1,0.04
15-01-0314-43,1,0.04
15-01-0315-43,1,0.04
15-01-0317-43,1,0.04
15-01-0318-43,1,0.04
15-01-0319-43,1,0.04
15-01-0321-43,1,0.04
15-01-0330-41,1,0.04
15-01-0339-43,1,0.04
15-01-0340-43,1,0.04
15-01-0341-43,1,0.04
15-01-0360-45,1,0.04
15-01-0663-42,1,0.04
15-01-0665-43,1,0.04
15-01-0666-43,1,0.04
15-01-0679-42,1,0.04
15-01-0694-43,1,0.04
15-01-0699-42,1,0.04
15-01-0703-42,1,0.04
15-01-0753-44,1,0.04
15-01-0753-45,1,0.04
15-01-0763-42,1,0.04
15-01-0764-42,1,0.04
15-01-1192-42,1,0.04
15-01-1193-42,1,0.04
15-01-1194-42,1,0.04
15-01-1195-42,1,0.04
15-01-1196-42,1,0.04
15-01-1197-42,1,0.04
15-01-1198-42,1,0.04
15-01-1232-43,1,0.04
15-01-1243-41,1,0.04
15-01-1244-41,1,0.04
15-01-1255-43,1,0.04
15-01-1259-43,1,0.04
15-01-1260-43,1,0.04
15-01-1270-42,1,0.04
15-01-1274-46,1,0.04
15-01-1276-41,1,0.04
15-01-1299-43,1,0.04
15-01-1303-42,1,0.04
15-01-1305-42,1,0.04
15-01-1306-42,1,0.04
15-01-1337-42,1,0.04
15-01-1339-42,1,0.04
15-01-1340-42,1,0.04
15-01-1341-42,1,0.04
15-01-1351-42,1,0.04
15-01-1352-42,1,0.04
15-01-1353-42,1,0.04
15-01-1355-42,1,0.04
15-01-1358-42,1,0.04
15-01-1389-43,1,0.04
15-01-1390-43,1,0.04
15-01-1391-43,1,0.04
15-01-1392-43,1,0.04
15-01-1393-43,1,0.04
15-01-1394-43,1,0.04
15-01-1395-43,1,0.04
15-01-1469-43,1,0.04
15-01-1474-42,1,0.04
15-01-1480-46,1,0.04
15-01-1481-43,1,0.04
15-01-1483-41,1,0.04
15-01-1510-43,1,0.04
15-01-1511-43,1,0.04
15-01-1512-43,1,0.04
15-01-1515-43,1,0.04
15-01-1524-43,1,0.04
15-01-1525-43,1,0.04
15-01-1526-43,1,0.04
15-01-1528-43,1,0.04
15-01-1529-43,1,0.04
15-01-1538-42,1,0.04
15-01-1539-42,1,0.04
15-01-1540-42,1,0.04
15-01-1541-42,1,0.04
15-01-1553-43,1,0.04
15-01-1554-45,1,0.04
15-01-1557-43,1,0.04
15-01-1558-43,1,0.04
15-01-1579-42,1,0.04
15-01-1580-42,1,0.04
15-01-1581-42,1,0.04
15-01-1622-43,1,0.04
15-01-1623-41,1,0.04
15-01-1624-43,1,0.04
15-01-1639-43,1,0.04
15-01-1643-45,1,0.04
15-01-1644-46,1,0.04
15-01-1661-41,1,0.04
15-01-1670-43,1,0.04
15-01-1673-42,1,0.04
15-01-1679-43,1,0.04
15-01-1698-45,1,0.04
15-01-1707-42,1,0.04
15-01-1708-42,1,0.04
15-01-1709-42,1,0.04
15-01-1720-43,1,0.04
15-01-1721-42,1,0.04
15-01-1723-43,1,0.04
15-01-1732-46,1,0.04
15-01-1736-45,1,0.04
15-01-1742-45,1,0.04
15-01-1752-42,1,0.04
15-01-1753-42,1,0.04
15-01-1754-46,1,0.04
15-01-1760-42,1,0.04
15-01-1761-42,1,0.04
15-01-1786-43,1,0.04
15-01-1787-43,1,0.04
15-01-1788-43,1,0.04
15-01-1789-42,1,0.04
15-01-1831-43,1,0.04
15-01-1840-42,1,0.04
15-01-1841-42,1,0.04
15-01-1842-42,1,0.04
15-01-1843-42,1,0.04
15-01-1844-42,1,0.04
15-01-1845-42,1,0.04
15-01-1846-43,1,0.04
15-01-1847-43,1,0.04
15-01-1848-43,1,0.04
15-01-1849-45,1,0.04
15-01-1850-46,1,0.04
15-01-1851-46,1,0.04
15-01-1852-46,1,0.04
15-01-1875-42,1,0.04
15-01-1876-42,1,0.04
15-01-1916-43,1,0.04
15-01-1917-43,1,0.04
15-01-1920-42,1,0.04
15-01-1944-45,1,0.04
15-01-1945-45,1,0.04
15-01-1947-46,1,0.04
15-01-1948-46,1,0.04
15-01-1949-42,1,0.04
15-01-1950-43,1,0.04
15-01-1955-42,1,0.04
15-01-1956-42,1,0.04
15-01-1964-43,1,0.04
15-01-1967-42,1,0.04
15-01-1997-42,1,0.04
15-01-2009-42,1,0.04
15-01-2012-43,1,0.04
15-01-2013-43,1,0.04
15-01-2020-42,1,0.04
15-01-2021-43,1,0.04
15-01-2022-45,1,0.04
15-01-2023-46,1,0.04
15-01-2024-45,1,0.04
15-01-2025-42,1,0.04
15-01-2026-42,1,0.04
15-01-2027-42,1,0.04
15-01-2028-42,1,0.04
15-01-2029-42,1,0.04
15-01-2030-43,1,0.04
15-01-2031-43,1,0.04
15-01-2032-43,1,0.04
15-01-2033-43,1,0.04
15-01-2062-46,1,0.04
15-01-2070-42,1,0.04
15-01-2077-42,1,0.04
15-01-2083-43,1,0.04
15-01-2084-43,1,0.04
15-01-2085-43,1,0.04
15-01-2086-43,1,0.04
15-01-2087-43,1,0.04
15-01-2108-42,1,0.04
15-01-2109-42,1,0.04
15-01-2110-42,1,0.04
15-01-2111-45,1,0.04
15-01-2112-42,1,0.04
15-01-2113-45,1,0.04
15-01-2128-45,1,0.04
15-01-2137-42,1,0.04
15-01-2146-43,1,0.04
15-01-2164-46,1,0.04
15-01-2180-43,1,0.04
15-01-2186-42,1,0.04
15-01-2187-42,1,0.04
15-01-2192-45,1,0.04
15-01-2204-45,1,0.04
15-02-0001-41,1,0.04
15-02-0002-42,1,0.04
15-02-0003-42,1,0.04
15-02-0004-42,1,0.04
15-02-0005-42,1,0.04
15-02-0006-42,1,0.04
15-02-0007-42,1,0.04
15-02-0008-41,1,0.04
15-02-0009-43,1,0.04
15-02-0010-43,1,0.04
15-02-0011-43,1,0.04
15-02-0012-43,1,0.04
15-02-0013-43,1,0.04
15-02-0014-43,1,0.04
15-02-0015-43,1,0.04
15-02-0016-43,1,0.04
15-02-0017-43,1,0.04
15-02-0018-43,1,0.04
15-02-0019-43,1,0.04
15-02-0020-45,1,0.04
15-02-0021-45,1,0.04
15-02-0022-45,1,0.04
15-02-0023-46,1,0.04
15-02-0024-43,1,0.04
15-02-0025-43,1,0.04
15-02-0026-42,1,0.04
15-02-0027-42,1,0.04
15-02-0028-43,1,0.04
15-02-0029-42,1,0.04
15-02-0030-42,1,0.04
15-02-0031-42,1,0.04
15-02-0032-42,1,0.04
15-02-0033-42,1,0.04
15-02-0034-42,1,0.04
15-02-0035-42,1,0.04
15-02-0036-42,1,0.04
15-02-0037-43,1,0.04
15-02-0038-45,1,0.04
15-02-0039-42,1,0.04
15-02-0040-42,1,0.04
15-02-0041-42,1,0.04
15-02-0042-41,1,0.04
15-02-0043-42,1,0.04
15-02-0044-42,1,0.04
15-02-0045-42,1,0.04
15-02-0046-42,1,0.04
15-02-0047-43,1,0.04
15-02-0048-42,1,0.04
15-02-0049-45,1,0.04
15-02-0050-45,1,0.04
15-02-0051-45,1,0.04
15-02-0052-43,1,0.04
15-02-0053-41,1,0.04
15-02-0054-41,1,0.04
15-02-0055-41,1,0.04
15-02-0056-41,1,0.04
15-02-0057-41,1,0.04
15-02-0058-46,1,0.04
15-02-0059-46,1,0.04
15-02-0060-45,1,0.04
15-02-0061-45,1,0.04
15-02-0062-41,1,0.04
15-02-0063-45,1,0.04
15-02-0064-41,1,0.04
15-02-0065-41,1,0.04
15-02-0066-41,1,0.04
15-02-0067-41,1,0.04
15-02-0068-42,1,0.04
15-02-0069-42,1,0.04
15-02-0070-43,1,0.04
15-02-0071-43,1,0.04
15-02-0072-43,1,0.04
15-02-0073-43,1,0.04
15-02-0074-43,1,0.04
15-02-0075-43,1,0.04
15-02-0076-43,1,0.04
15-02-0077-43,1,0.04
15-02-0078-43,1,0.04
15-02-0079-43,1,0.04
15-02-0080-43,1,0.04
15-02-0081-43,1,0.04
15-02-0082-43,1,0.04
15-02-0083-43,1,0.04
15-02-0084-43,1,0.04
15-02-0085-43,1,0.04
15-02-0086-43,1,0.04
15-02-0087-43,1,0.04
15-02-0088-43,1,0.04
15-02-0089-43,1,0.04
15-02-0090-43,1,0.04
15-02-0091-43,1,0.04
15-02-0092-43,1,0.04
15-02-0093-45,1,0.04
15-02-0094-46,1,0.04
15-02-0095-45,1,0.04
15-02-0096-43,1,0.04
15-02-0097-42,1,0.04
15-02-0098-43,1,0.04
15-02-0099-45,1,0.04
15-02-0100-46,1,0.04
15-02-0101-42,1,0.04
15-02-0102-42,1,0.04
15-02-0103-46,1,0.04
15-02-0104-45,1,0.04
15-02-0105-45,1,0.04
15-02-0106-45,1,0.04
15-02-0107-46,1,0.04
15-02-0108-46,1,0.04
15-02-0109-46,1,0.04
15-02-0110-45,1,0.04
15-02-0111-46,1,0.04
15-02-0112-42,1,0.04
15-02-0113-43,1,0.04
15-02-0114-45,1,0.04
15-02-0115-45,1,0.04
15-02-0116-45,1,0.04
15-02-0117-46,1,0.04
15-02-0118-46,1,0.04
15-02-0119-46,1,0.04
15-02-0120-46,1,0.04
15-02-0121-46,1,0.04
15-02-0122-46,1,0.04
15-02-0123-45,1,0.04
15-02-0124-45,1,0.04
15-02-0125-46,1,0.04
15-02-0126-46,1,0.04
15-02-0127-42,1,0.04
15-02-0128-42,1,0.04
15-02-0129-46,1,0.04
15-02-0130-41,1,0.04
15-02-0131-46,1,0.04
15-02-0132-46,1,0.04
15-02-0133-43,1,0.04
15-02-0134-45,1,0.04
15-02-0135-46,1,0.04
15-02-0136-45,1,0.04
15-02-0137-45,1,0.04
15-02-0138-46,1,0.04
15-02-0139-45,1,0.04
15-02-0140-45,1,0.04
15-02-0141-45,1,0.04
15-02-0142-45,1,0.04
15-02-0143-45,1,0.04
15-02-0144-45,1,0.04
15-02-0145-45,1,0.04
15-02-0146-45,1,0.04
15-02-0342-43,1,0.04
15-02-0343-43,1,0.04
15-02-0344-43,1,0.04
15-02-0361-45,1,0.04
15-02-0661-45,1,0.04
15-02-0662-41,1,0.04
15-02-0671-41,1,0.04
15-02-0671-43,1,0.04
15-02-0701-42,1,0.04
15-02-0775-42,1,0.04
15-02-1167-43,1,0.04
15-02-1168-43,1,0.04
15-02-1169-41,1,0.04
15-02-1170-43,1,0.04
15-02-1190-42,1,0.04
15-02-1235-42,1,0.04
15-02-1256-43,1,0.04
15-02-1275-41,1,0.04
15-02-1287-43,1,0.04
15-02-1297-43,1,0.04
15-02-1403-43,1,0.04
15-02-1404-43,1,0.04
15-02-1405-43,1,0.04
15-02-1406-43,1,0.04
15-02-1438-43,1,0.04
15-02-1439-43,1,0.04
15-02-1440-43,1,0.04
15-02-1471-43,1,0.04
15-02-1585-42,1,0.04
15-02-1586-42,1,0.04
15-02-1587-42,1,0.04
15-02-1633-41,1,0.04
15-02-1645-43,1,0.04
15-02-1662-41,1,0.04
15-02-1663-41,1,0.04
15-02-1674-42,1,0.04
15-02-1675-42,1,0.04
15-02-1676-42,1,0.04
15-02-1682-45,1,0.04
15-02-1697-42,1,0.04
15-02-1711-42,1,0.04
15-02-1712-42,1,0.04
15-02-1713-43,1,0.04
15-02-1731-42,1,0.04
15-02-1744-41,1,0.04
15-02-1746-41,1,0.04
15-02-1750-42,1,0.04
15-02-1759-43,1,0.04
15-02-1764-42,1,0.04
15-02-1827-42,1,0.04
15-02-1829-42,1,0.04
15-02-1830-42,1,0.04
15-02-1918-41,1,0.04
15-02-1919-43,1,0.04
15-02-1921-42,1,0.04
15-02-1951-43,1,0.04
15-02-1958-42,1,0.04
15-02-1959-42,1,0.04
15-02-1960-43,1,0.04
15-02-1961-45,1,0.04
15-02-1962-45,1,0.04
15-02-1966-42,1,0.04
15-02-1998-42,1,0.04
15-02-2014-43,1,0.04
15-02-2034-44,1,0.04
15-02-2035-46,1,0.04
15-02-2088-43,1,0.04
15-02-2129-45,1,0.04
15-02-2182-41,1,0.04
15-02-2196-42,1,0.04
15-02-2197-41,1,0.04
15-02-2198-41,1,0.04
15-02-2199-41,1,0.04
15-03-0001-42,1,0.04
15-03-0002-42,1,0.04
15-03-0003-42,1,0.04
15-03-0004-42,1,0.04
15-03-0005-43,1,0.04
15-03-0006-42,1,0.04
15-03-0007-42,1,0.04
15-03-0008-42,1,0.04
15-03-0009-42,1,0.04
15-03-0010-42,1,0.04
15-03-0011-42,1,0.04
15-03-0012-42,1,0.04
15-03-0013-42,1,0.04
15-03-0014-42,1,0.04
15-03-0015-42,1,0.04
15-03-0016-42,1,0.04
15-03-0017-42,1,0.04
15-03-0018-43,1,0.04
15-03-0019-43,1,0.04
15-03-0020-43,1,0.04
15-03-0021-43,1,0.04
15-03-0022-43,1,0.04
15-03-0023-43,1,0.04
15-03-0024-43,1,0.04
15-03-0025-43,1,0.04
15-03-0026-43,1,0.04
15-03-0027-43,1,0.04
15-03-0028-43,1,0.04
15-03-0029-43,1,0.04
15-03-0030-43,1,0.04
15-03-0031-43,1,0.04
15-03-0032-43,1,0.04
15-03-0033-43,1,0.04
15-03-0034-43,1,0.04
15-03-0035-43,1,0.04
15-03-0036-43,1,0.04
15-03-0037-43,1,0.04
15-03-0038-42,1,0.04
15-03-0039-43,1,0.04
15-03-0040-45,1,0.04
15-03-0041-45,1,0.04
15-03-0042-45,1,0.04
15-03-0043-45,1,0.04
15-03-0044-45,1,0.04
15-03-0045-45,1,0.04
15-03-0046-46,1,0.04
15-03-0047-42,1,0.04
15-03-0048-43,1,0.04
15-03-0049-41,1,0.04
15-03-0050-42,1,0.04
15-03-0051-42,1,0.04
15-03-0053-45,1,0.04
15-03-0054-45,1,0.04
15-03-0055-45,1,0.04
15-03-0056-45,1,0.04
15-03-0057-42,1,0.04
15-03-0058-45,1,0.04
15-03-0059-46,1,0.04
15-03-0060-46,1,0.04
15-03-0061-45,1,0.04
15-03-0062-46,1,0.04
15-03-0063-45,1,0.04
15-03-0064-45,1,0.04
15-03-0065-43,1,0.04
15-03-0066-42,1,0.04
15-03-0067-42,1,0.04
15-03-0068-45,1,0.04
15-03-0069-46,1,0.04
15-03-0070-46,1,0.04
15-03-0071-41,1,0.04
15-03-0072-42,1,0.04
15-03-0073-42,1,0.04
15-03-0074-45,1,0.04
15-03-0075-45,1,0.04
15-03-0076-46,1,0.04
15-03-0077-46,1,0.04
15-03-0078-42,1,0.04
15-03-0079-42,1,0.04
15-03-0080-42,1,0.04
15-03-0081-42,1,0.04
15-03-0082-42,1,0.04
15-03-0083-46,1,0.04
15-03-0084-42,1,0.04
15-03-0085-46,1,0.04
15-03-0086-45,1,0.04
15-03-0087-45,1,0.04
15-03-0088-46,1,0.04
15-03-0089-46,1,0.04
15-03-0090-45,1,0.04
15-03-0091-46,1,0.04
15-03-0092-46,1,0.04
15-03-0093-42,1,0.04
15-03-0094-42,1,0.04
15-03-0095-42,1,0.04
15-03-0096-42,1,0.04
15-03-0097-42,1,0.04
15-03-0098-44,1,0.04
15-03-0099-43,1,0.04
15-03-0100-43,1,0.04
15-03-0101-43,1,0.04
15-03-0102-43,1,0.04
15-03-0103-43,1,0.04
15-03-0104-43,1,0.04
15-03-0105-43,1,0.04
15-03-0106-43,1,0.04
15-03-0107-43,1,0.04
15-03-0108-43,1,0.04
15-03-0109-43,1,0.04
15-03-0110-43,1,0.04
15-03-0111-43,1,0.04
15-03-0112-43,1,0.04
15-03-0113-43,1,0.04
15-03-0114-43,1,0.04
15-03-0115-43,1,0.04
15-03-0116-43,1,0.04
15-03-0117-43,1,0.04
15-03-0118-43,1,0.04
15-03-0119-43,1,0.04
15-03-0120-43,1,0.04
15-03-0121-43,1,0.04
15-03-0122-43,1,0.04
15-03-0123-43,1,0.04
15-03-0124-43,1,0.04
15-03-0125-43,1,0.04
15-03-0126-43,1,0.04
15-03-0127-43,1,0.04
15-03-0128-43,1,0.04
15-03-0129-43,1,0.04
15-03-0130-43,1,0.04
15-03-0131-45,1,0.04
15-03-0132-45,1,0.04
15-03-0133-45,1,0.04
15-03-0134-46,1,0.04
15-03-0135-43,1,0.04
15-03-0136-45,1,0.04
15-03-0137-45,1,0.04
15-03-0138-45,1,0.04
15-03-0139-45,1,0.04
15-03-0140-45,1,0.04
15-03-0141-46,1,0.04
15-03-0142-45,1,0.04
15-03-0143-46,1,0.04
15-03-0144-45,1,0.04
15-03-0145-46,1,0.04
15-03-0146-45,1,0.04
15-03-0147-42,1,0.04
15-03-0148-43,1,0.04
15-03-0149-42,1,0.04
15-03-0150-42,1,0.04
15-03-0151-45,1,0.04
15-03-0331-41,1,0.04
15-03-0345-43,1,0.04
15-03-0346-43,1,0.04
15-03-0362-45,1,0.04
15-03-0667-43,1,0.04
15-03-0669-42,1,0.04
15-03-0678-43,1,0.04
15-03-0756-44,1,0.04
15-03-0756-45,1,0.04
15-03-0767-43,1,0.04
15-03-0768-45,1,0.04
15-03-0778-46,1,0.04
15-03-1199-42,1,0.04
15-03-1200-42,1,0.04
15-03-1201-42,1,0.04
15-03-1231-42,1,0.04
15-03-1237-41,1,0.04
15-03-1238-41,1,0.04
15-03-1239-41,1,0.04
15-03-1240-41,1,0.04
15-03-1241-41,1,0.04
15-03-1242-41,1,0.04
15-03-1253-43,1,0.04
15-03-1254-43,1,0.04
15-03-1267-41,1,0.04
15-03-1268-43,1,0.04
15-03-1269-41,1,0.04
15-03-1271-43,1,0.04
15-03-1272-41,1,0.04
15-03-1282-42,1,0.04
15-03-1283-42,1,0.04
15-03-1284-42,1,0.04
15-03-1285-42,1,0.04
15-03-1286-42,1,0.04
15-03-1298-43,1,0.04
15-03-1304-41,1,0.04
15-03-1311-43,1,0.04
15-03-1328-43,1,0.04
15-03-1329-43,1,0.04
15-03-1336-43,1,0.04
15-03-1349-41,1,0.04
15-03-1350-41,1,0.04
15-03-1356-43,1,0.04
15-03-1385-43,1,0.04
15-03-1386-43,1,0.04
15-03-1387-43,1,0.04
15-03-1388-43,1,0.04
15-03-1432-43,1,0.04
15-03-1433-43,1,0.04
15-03-1434-43,1,0.04
15-03-1435-43,1,0.04
15-03-1436-43,1,0.04
15-03-1437-43,1,0.04
15-03-1465-45,1,0.04
15-03-1466-45,1,0.04
15-03-1467-45,1,0.04
15-03-1473-43,1,0.04
15-03-1478-42,1,0.04
15-03-1514-43,1,0.04
15-03-1516-43,1,0.04
15-03-1530-43,1,0.04
15-03-1549-42,1,0.04
15-03-1550-41,1,0.04
15-03-1551-41,1,0.04
15-03-1578-42,1,0.04
15-03-1588-43,1,0.04
15-03-1593-42,1,0.04
15-03-1594-42,1,0.04
15-03-1601-42,1,0.04
15-03-1615-43,1,0.04
15-03-1616-43,1,0.04
15-03-1620-45,1,0.04
15-03-1621-45,1,0.04
15-03-1625-43,1,0.04
15-03-1664-41,1,0.04
15-03-1677-42,1,0.04
15-03-1678-43,1,0.04
15-03-1680-43,1,0.04
15-03-1706-41,1,0.04
15-03-1715-41,1,0.04
15-03-1724-42,1,0.04
15-03-1735-45,1,0.04
15-03-1745-41,1,0.04
15-03-1747-41,1,0.04
15-03-1749-41,1,0.04
15-03-1757-43,1,0.04
15-03-1758-43,1,0.04
15-03-1763-42,1,0.04
15-03-1780-42,1,0.04
15-03-1781-42,1,0.04
15-03-1782-42,1,0.04
15-03-1783-42,1,0.04
15-03-1794-46,1,0.04
15-03-1795-46,1,0.04
15-03-1812-43,1,0.04
15-03-1853-45,1,0.04
15-03-1862-42,1,0.04
15-03-1863-43,1,0.04
15-03-1864-45,1,0.04
15-03-1873-42,1,0.04
15-03-1874-42,1,0.04
15-03-1888-46,1,0.04
15-03-1922-42,1,0.04
15-03-1923-42,1,0.04
15-03-1935-42,1,0.04
15-03-1952-42,1,0.04
15-03-1963-46,1,0.04
15-03-1980-43,1,0.04
15-03-1987-43,1,0.04
15-03-2007-42,1,0.04
15-03-2008-42,1,0.04
15-03-2010-42,1,0.04
15-03-2015-43,1,0.04
15-03-2016-43,1,0.04
15-03-2036-42,1,0.04
15-03-2037-43,1,0.04
15-03-2038-42,1,0.04
15-03-2039-42,1,0.04
15-03-2040-42,1,0.04
15-03-2041-42,1,0.04
15-03-2042-43,1,0.04
15-03-2043-45,1,0.04
15-03-2044-45,1,0.04
15-03-2045-45,1,0.04
15-03-2046-45,1,0.04
15-03-2047-45,1,0.04
15-03-2048-45,1,0.04
15-03-2049-45,1,0.04
15-03-2050-46,1,0.04
15-03-2051-46,1,0.04
15-03-2052-46,1,0.04
15-03-2053-46,1,0.04
15-03-2064-41,1,0.04
15-03-2075-42,1,0.04
15-03-2078-42,1,0.04
15-03-2114-43,1,0.04
15-03-2133-43,1,0.04
15-03-2136-42,1,0.04
15-03-2138-42,1,0.04
15-03-2147-45,1,0.04
15-03-2148-45,1,0.04
15-03-2149-42,1,0.04
15-03-2150-46,1,0.04
15-03-2151-43,1,0.04
15-03-2165-45,1,0.04
15-03-2166-45,1,0.04
15-03-2167-46,1,0.04
15-03-2168-41,1,0.04
15-03-2189-45,1,0.04
15-03-2190-42,1,0.04
15-03-2194-41,1,0.04
15-03-2195-42,1,0.04
15-03-2205-42,1,0.04
15-03-2206-42,1,0.04
15-03-2207-42,1,0.04
15-03-2208-42,1,0.04
15-03-2209-42,1,0.04
15-04-0001-42,1,0.04
15-04-0002-42,1,0.04
15-04-0003-42,1,0.04
15-04-0004-42,1,0.04
15-04-0005-42,1,0.04
15-04-0006-42,1,0.04
15-04-0007-41,1,0.04
15-04-0008-42,1,0.04
15-04-0009-42,1,0.04
15-04-0010-42,1,0.04
15-04-0011-43,1,0.04
15-04-0012-43,1,0.04
15-04-0013-42,1,0.04
15-04-0014-42,1,0.04
15-04-0015-42,1,0.04
15-04-0016-42,1,0.04
15-04-0017-43,1,0.04
15-04-0018-43,1,0.04
15-04-0019-43,1,0.04
15-04-0020-42,1,0.04
15-04-0021-42,1,0.04
15-04-0022-42,1,0.04
15-04-0023-42,1,0.04
15-04-0024-41,1,0.04
15-04-0025-42,1,0.04
15-04-0026-42,1,0.04
15-04-0027-42,1,0.04
15-04-0028-42,1,0.04
15-04-0029-42,1,0.04
15-04-0030-42,1,0.04
15-04-0031-42,1,0.04
15-04-0032-42,1,0.04
15-04-0033-42,1,0.04
15-04-0034-42,1,0.04
15-04-0035-42,1,0.04
15-04-0036-43,1,0.04
15-04-0037-43,1,0.04
15-04-0038-43,1,0.04
15-04-0039-43,1,0.04
15-04-0040-43,1,0.04
15-04-0041-43,1,0.04
15-04-0042-43,1,0.04
15-04-0043-43,1,0.04
15-04-0044-43,1,0.04
15-04-0045-43,1,0.04
15-04-0046-43,1,0.04
15-04-0047-43,1,0.04
15-04-0048-43,1,0.04
15-04-0049-43,1,0.04
15-04-0050-43,1,0.04
15-04-0051-43,1,0.04
15-04-0052-43,1,0.04
15-04-0053-43,1,0.04
15-04-0054-43,1,0.04
15-04-0055-43,1,0.04
15-04-0056-43,1,0.04
15-04-0057-43,1,0.04
15-04-0058-43,1,0.04
15-04-0059-43,1,0.04
15-04-0060-43,1,0.04
15-04-0061-43,1,0.04
15-04-0062-43,1,0.04
15-04-0063-43,1,0.04
15-04-0064-43,1,0.04
15-04-0065-43,1,0.04
15-04-0066-43,1,0.04
15-04-0067-43,1,0.04
15-04-0068-43,1,0.04
15-04-0069-43,1,0.04
15-04-0070-43,1,0.04
15-04-0071-43,1,0.04
15-04-0072-43,1,0.04
15-04-0073-43,1,0.04
15-04-0074-43,1,0.04
15-04-0075-43,1,0.04
15-04-0076-43,1,0.04
15-04-0077-43,1,0.04
15-04-0078-43,1,0.04
15-04-0079-43,1,0.04
15-04-0080-43,1,0.04
15-04-0081-42,1,0.04
15-04-0082-42,1,0.04
15-04-0083-42,1,0.04
15-04-0084-42,1,0.04
15-04-0085-43,1,0.04
15-04-0086-43,1,0.04
15-04-0087-43,1,0.04
15-04-0088-46,1,0.04
15-04-0089-46,1,0.04
15-04-0090-42,1,0.04
15-04-0091-45,1,0.04
15-04-0092-45,1,0.04
15-04-0093-45,1,0.04
15-04-0094-45,1,0.04
15-04-0095-45,1,0.04
15-04-0096-45,1,0.04
15-04-0097-45,1,0.04
15-04-0098-45,1,0.04
15-04-0099-45,1,0.04
15-04-0100-46,1,0.04
15-04-0101-45,1,0.04
15-04-0102-45,1,0.04
15-04-0103-43,1,0.04
15-04-0104-43,1,0.04
15-04-0105-43,1,0.04
15-04-0106-43,1,0.04
15-04-0107-43,1,0.04
15-04-0108-42,1,0.04
15-04-0109-43,1,0.04
15-04-0110-43,1,0.04
15-04-0111-43,1,0.04
15-04-0112-43,1,0.04
15-04-0113-43,1,0.04
15-04-0114-43,1,0.04
15-04-0115-43,1,0.04
15-04-0116-43,1,0.04
15-04-0117-43,1,0.04
15-04-0118-43,1,0.04
15-04-0119-45,1,0.04
15-04-0120-42,1,0.04
15-04-0121-42,1,0.04
15-04-0122-42,1,0.04
15-04-0123-42,1,0.04
15-04-0124-42,1,0.04
15-04-0125-42,1,0.04
15-04-0126-42,1,0.04
15-04-0127-42,1,0.04
15-04-0128-42,1,0.04
15-04-0129-42,1,0.04
15-04-0130-42,1,0.04
15-04-0131-42,1,0.04
15-04-0132-42,1,0.04
15-04-0133-42,1,0.04
15-04-0134-42,1,0.04
15-04-0135-42,1,0.04
15-04-0136-43,1,0.04
15-04-0137-43,1,0.04
15-04-0138-43,1,0.04
15-04-0139-43,1,0.04
15-04-0140-43,1,0.04
15-04-0141-43,1,0.04
15-04-0142-43,1,0.04
15-04-0143-43,1,0.04
15-04-0144-43,1,0.04
15-04-0145-43,1,0.04
15-04-0146-43,1,0.04
15-04-0147-43,1,0.04
15-04-0148-43,1,0.04
15-04-0149-43,1,0.04
15-04-0150-43,1,0.04
15-04-0151-43,1,0.04
15-04-0152-43,1,0.04
15-04-0153-43,1,0.04
15-04-0154-43,1,0.04
15-04-0155-43,1,0.04
15-04-0156-43,1,0.04
15-04-0157-43,1,0.04
15-04-0158-43,1,0.04
15-04-0159-43,1,0.04
15-04-0160-43,1,0.04
15-04-0161-43,1,0.04
15-04-0162-43,1,0.04
15-04-0163-43,1,0.04
15-04-0164-43,1,0.04
15-04-0165-43,1,0.04
15-04-0166-43,1,0.04
15-04-0167-43,1,0.04
15-04-0168-41,1,0.04
15-04-0169-43,1,0.04
15-04-0170-43,1,0.04
15-04-0171-42,1,0.04
15-04-0172-42,1,0.04
15-04-0173-43,1,0.04
15-04-0174-43,1,0.04
15-04-0175-43,1,0.04
15-04-0176-43,1,0.04
15-04-0177-43,1,0.04
15-04-0178-43,1,0.04
15-04-0179-43,1,0.04
15-04-0180-43,1,0.04
15-04-0181-43,1,0.04
15-04-0182-43,1,0.04
15-04-0183-43,1,0.04
15-04-0184-43,1,0.04
15-04-0185-43,1,0.04
15-04-0186-43,1,0.04
15-04-0187-45,1,0.04
15-04-0188-43,1,0.04
15-04-0189-41,1,0.04
15-04-0190-45,1,0.04
15-04-0191-45,1,0.04
15-04-0192-46,1,0.04
15-04-0193-42,1,0.04
15-04-0194-42,1,0.04
15-04-0195-43,1,0.04
15-04-0196-42,1,0.04
15-04-0197-45,1,0.04
15-04-0198-45,1,0.04
15-04-0199-45,1,0.04
15-04-0200-45,1,0.04
15-04-0201-45,1,0.04
15-04-0202-45,1,0.04
15-04-0203-45,1,0.04
15-04-0204-45,1,0.04
15-04-0205-45,1,0.04
15-04-0206-42,1,0.04
15-04-0207-42,1,0.04
15-04-0208-42,1,0.04
15-04-0209-43,1,0.04
15-04-0210-42,1,0.04
15-04-0211-41,1,0.04
15-04-0212-45,1,0.04
15-04-0213-45,1,0.04
15-04-0214-41,1,0.04
15-04-0215-45,1,0.04
15-04-0216-45,1,0.04
15-04-0217-43,1,0.04
15-04-0218-46,1,0.04
15-04-0219-41,1,0.04
15-04-0220-41,1,0.04
15-04-0221-41,1,0.04
15-04-0222-41,1,0.04
15-04-0223-46,1,0.04
15-04-0224-43,1,0.04
15-04-0225-43,1,0.04
15-04-0226-43,1,0.04
15-04-0227-43,1,0.04
15-04-0228-41,1,0.04
15-04-0229-45,1,0.04
15-04-0230-46,1,0.04
15-04-0231-46,1,0.04
15-04-0232-45,1,0.04
15-04-0233-43,1,0.04
15-04-0234-41,1,0.04
15-04-0235-45,1,0.04
15-04-0236-45,1,0.04
15-04-0237-43,1,0.04
15-04-0238-46,1,0.04
15-04-0239-43,1,0.04
15-04-0240-45,1,0.04
15-04-0241-46,1,0.04
15-04-0242-43,1,0.04
15-04-0243-43,1,0.04
15-04-0244-43,1,0.04
15-04-0245-43,1,0.04
15-04-0246-41,1,0.04
15-04-0247-42,1,0.04
15-04-0248-46,1,0.04
15-04-0249-45,1,0.04
15-04-0250-45,1,0.04
15-04-0251-45,1,0.04
15-04-0252-46,1,0.04
15-04-0253-45,1,0.04
15-04-0254-45,1,0.04
15-04-0255-45,1,0.04
15-04-0256-45,1,0.04
15-04-0257-46,1,0.04
15-04-0258-46,1,0.04
15-04-0259-45,1,0.04
15-04-0260-45,1,0.04
15-04-0261-45,1,0.04
15-04-0262-45,1,0.04
15-04-0263-45,1,0.04
15-04-0264-43,1,0.04
15-04-0265-43,1,0.04
15-04-0266-45,1,0.04
15-04-0267-45,1,0.04
15-04-0268-46,1,0.04
15-04-0269-46,1,0.04
15-04-0270-46,1,0.04
15-04-0271-46,1,0.04
15-04-0272-46,1,0.04
15-04-0273-46,1,0.04
15-04-0274-46,1,0.04
15-04-0275-46,1,0.04
15-04-0276-46,1,0.04
15-04-0277-46,1,0.04
15-04-0278-46,1,0.04
15-04-0324-43,1,0.04
15-04-0325-43,1,0.04
15-04-0326-43,1,0.04
15-04-0327-43,1,0.04
15-04-0328-43,1,0.04
15-04-0336-42,1,0.04
15-04-0337-42,1,0.04
15-04-0347-43,1,0.04
15-04-0348-43,1,0.04
15-04-0349-43,1,0.04
15-04-0350-43,1,0.04
15-04-0351-43,1,0.04
15-04-0669-42,1,0.04
15-04-0669-43,1,0.04
15-04-0670-45,1,0.04
15-04-0670-46,1,0.04
15-04-0672-43,1,0.04
15-04-0673-43,1,0.04
15-04-0674-43,1,0.04
15-04-0680-43,1,0.04
15-04-0681-43,1,0.04
15-04-0695-43,1,0.04
15-04-0696-43,1,0.04
15-04-0754-44,1,0.04
15-04-0754-45,1,0.04
15-04-1205-42,1,0.04
15-04-1210-42,1,0.04
15-04-1211-42,1,0.04
15-04-1212-42,1,0.04
15-04-1213-42,1,0.04
15-04-1214-43,1,0.04
15-04-1215-43,1,0.04
15-04-1216-43,1,0.04
15-04-1217-42,1,0.04
15-04-1218-43,1,0.04
15-04-1219-43,1,0.04
15-04-1220-43,1,0.04
15-04-1221-43,1,0.04
15-04-1222-43,1,0.04
15-04-1223-43,1,0.04
15-04-1224-43,1,0.04
15-04-1236-41,1,0.04
15-04-1266-43,1,0.04
15-04-1278-42,1,0.04
15-04-1279-42,1,0.04
15-04-1288-43,1,0.04
15-04-1300-43,1,0.04
15-04-1302-42,1,0.04
15-04-1310-43,1,0.04
15-04-1330-43,1,0.04
15-04-1331-43,1,0.04
15-04-1332-43,1,0.04
15-04-1333-43,1,0.04
15-04-1334-43,1,0.04
15-04-1335-43,1,0.04
15-04-1338-43,1,0.04
15-04-1362-42,1,0.04
15-04-1363-43,1,0.04
15-04-1364-43,1,0.04
15-04-1365-43,1,0.04
15-04-1366-43,1,0.04
15-04-1367-43,1,0.04
15-04-1368-43,1,0.04
15-04-1369-43,1,0.04
15-04-1410-43,1,0.04
15-04-1411-43,1,0.04
15-04-1441-43,1,0.04
15-04-1442-43,1,0.04
15-04-1443-43,1,0.04
15-04-1444-43,1,0.04
15-04-1445-43,1,0.04
15-04-1446-43,1,0.04
15-04-1447-43,1,0.04
15-04-1448-43,1,0.04
15-04-1449-43,1,0.04
15-04-1450-43,1,0.04
15-04-1451-43,1,0.04
15-04-1452-43,1,0.04
15-04-1479-42,1,0.04
15-04-1482-43,1,0.04
15-04-1484-43,1,0.04
15-04-1485-43,1,0.04
15-04-1486-43,1,0.04
15-04-1487-43,1,0.04
15-04-1490-43,1,0.04
15-04-1517-43,1,0.04
15-04-1518-43,1,0.04
15-04-1519-43,1,0.04
15-04-1520-43,1,0.04
15-04-1521-43,1,0.04
15-04-1522-43,1,0.04
15-04-1542-42,1,0.04
15-04-1543-42,1,0.04
15-04-1544-42,1,0.04
15-04-1545-42,1,0.04
15-04-1546-42,1,0.04
15-04-1555-43,1,0.04
15-04-1564-42,1,0.04
15-04-1565-42,1,0.04
15-04-1566-42,1,0.04
15-04-1602-43,1,0.04
15-04-1603-43,1,0.04
15-04-1604-43,1,0.04
15-04-1605-43,1,0.04
15-04-1606-43,1,0.04
15-04-1607-43,1,0.04
15-04-1618-45,1,0.04
15-04-1619-45,1,0.04
15-04-1638-41,1,0.04
15-04-1640-41,1,0.04
15-04-1642-41,1,0.04
15-04-1652-42,1,0.04
15-04-1665-41,1,0.04
15-04-1667-41,1,0.04
15-04-1668-41,1,0.04
15-04-1669-41,1,0.04
15-04-1672-43,1,0.04
15-04-1685-42,1,0.04
15-04-1705-45,1,0.04
15-04-1733-43,1,0.04
15-04-1737-45,1,0.04
15-04-1738-45,1,0.04
15-04-1740-45,1,0.04
15-04-1743-41,1,0.04
15-04-1755-43,1,0.04
15-04-1756-43,1,0.04
15-04-1766-42,1,0.04
15-04-1767-42,1,0.04
15-04-1768-42,1,0.04
15-04-1769-42,1,0.04
15-04-1785-42,1,0.04
15-04-1790-43,1,0.04
15-04-1791-43,1,0.04
15-04-1792-43,1,0.04
15-04-1793-43,1,0.04
15-04-1810-45,1,0.04
15-04-1811-42,1,0.04
15-04-1833-43,1,0.04
15-04-1854-42,1,0.04
15-04-1855-42,1,0.04
15-04-1856-42,1,0.04
15-04-1857-43,1,0.04
15-04-1858-42,1,0.04
15-04-1859-42,1,0.04
15-04-1877-42,1,0.04
15-04-1878-42,1,0.04
15-04-1879-42,1,0.04
15-04-1880-42,1,0.04
15-04-1881-42,1,0.04
15-04-1889-43,1,0.04
15-04-1890-43,1,0.04
15-04-1891-43,1,0.04
15-04-1892-43,1,0.04
15-04-1924-42,1,0.04
15-04-1925-42,1,0.04
15-04-1926-42,1,0.04
15-04-1927-42,1,0.04
15-04-1928-42,1,0.04
15-04-1929-42,1,0.04
15-04-1933-42,1,0.04
15-04-1937-41,1,0.04
15-04-1938-41,1,0.04
15-04-1939-43,1,0.04
15-04-1946-45,1,0.04
15-04-1965-41,1,0.04
15-04-1969-42,1,0.04
15-04-1979-43,1,0.04
15-04-1981-43,1,0.04
15-04-1982-43,1,0.04
15-04-1983-43,1,0.04
15-04-2000-42,1,0.04
15-04-2001-42,1,0.04
15-04-2002-42,1,0.04
15-04-2003-42,1,0.04
15-04-2004-42,1,0.04
15-04-2005-42,1,0.04
15-04-2006-42,1,0.04
15-04-2011-42,1,0.04
15-04-2017-43,1,0.04
15-04-2054-42,1,0.04
15-04-2056-42,1,0.04
15-04-2057-45,1,0.04
15-04-2063-41,1,0.04
15-04-2065-43,1,0.04
15-04-2066-41,1,0.04
15-04-2074-41,1,0.04
15-04-2079-42,1,0.04
15-04-2080-42,1,0.04
15-04-2089-43,1,0.04
15-04-2090-43,1,0.04
15-04-2091-43,1,0.04
15-04-2092-43,1,0.04
15-04-2093-43,1,0.04
15-04-2122-42,1,0.04
15-04-2123-42,1,0.04
15-04-2124-42,1,0.04
15-04-2125-45,1,0.04
15-04-2126-42,1,0.04
15-04-2127-42,1,0.04
15-04-2130-45,1,0.04
15-04-2134-43,1,0.04
15-04-2135-42,1,0.04
15-04-2152-45,1,0.04
15-04-2161-41,1,0.04
15-04-2162-41,1,0.04
15-04-2181-45,1,0.04
15-04-2183-45,1,0.04
15-04-2188-42,1,0.04
15-04-2193-43,1,0.04
15-04-2203-42,1,0.04
15-04-2204-45,1,0.04
15-04-2205-42,1,0.04
15-04-2206-42,1,0.04
15-04-2207-42,1,0.04
15-04-2208-42,1,0.04
15-04-2209-42,1,0.04
15-04-2210-41,1,0.04
15-04-2211-42,1,0.04
15-05-0001-43,1,0.04
15-05-0002-43,1,0.04
15-05-0003-43,1,0.04
15-05-0004-43,1,0.04
15-05-0005-43,1,0.04
15-05-0006-43,1,0.04
15-05-0007-43,1,0.04
15-05-0008-43,1,0.04
15-05-0009-43,1,0.04
15-05-0010-43,1,0.04
15-05-0011-43,1,0.04
15-05-0012-43,1,0.04
15-05-0013-45,1,0.04
15-05-0014-46,1,0.04
15-05-0015-43,1,0.04
15-05-0016-43,1,0.04
15-05-0017-43,1,0.04
15-05-0018-43,1,0.04
15-05-0019-42,1,0.04
15-05-0020-42,1,0.04
15-05-0021-42,1,0.04
15-05-0022-42,1,0.04
15-05-0023-42,1,0.04
15-05-0024-42,1,0.04
15-05-0025-42,1,0.04
15-05-0026-42,1,0.04
15-05-0027-42,1,0.04
15-05-0028-45,1,0.04
15-05-0029-45,1,0.04
15-05-0030-42,1,0.04
15-05-0031-42,1,0.04
15-05-0032-42,1,0.04
15-05-0033-42,1,0.04
15-05-0034-46,1,0.04
15-05-0035-43,1,0.04
15-05-0036-43,1,0.04
15-05-0037-46,1,0.04
15-05-0038-42,1,0.04
15-05-0039-45,1,0.04
15-05-0040-46,1,0.04
15-05-0041-46,1,0.04
15-05-0042-46,1,0.04
15-05-0043-45,1,0.04
15-05-0044-45,1,0.04
15-05-0045-46,1,0.04
15-05-0046-42,1,0.04
15-05-0047-46,1,0.04
15-05-0048-45,1,0.04
15-05-0188-42,1,0.04
15-05-0189-43,1,0.04
15-05-0190-43,1,0.04
15-05-0191-43,1,0.04
15-05-0192-43,1,0.04
15-05-0193-43,1,0.04
15-05-0194-43,1,0.04
15-05-0195-43,1,0.04
15-05-0196-43,1,0.04
15-05-0197-43,1,0.04
15-05-0198-43,1,0.04
15-05-0199-43,1,0.04
15-05-0200-43,1,0.04
15-05-0201-43,1,0.04
15-05-0202-43,1,0.04
15-05-0203-43,1,0.04
15-05-0204-43,1,0.04
15-05-0205-43,1,0.04
15-05-0206-43,1,0.04
15-05-0207-43,1,0.04
15-05-0208-43,1,0.04
15-05-0209-43,1,0.04
15-05-0210-43,1,0.04
15-05-0211-43,1,0.04
15-05-0212-43,1,0.04
15-05-0213-43,1,0.04
15-05-0214-45,1,0.04
15-05-0215-45,1,0.04
15-05-0329-42,1,0.04
15-05-0352-43,1,0.04
15-05-0675-43,1,0.04
15-05-0755-44,1,0.04
15-05-0755-45,1,0.04
15-05-1202-42,1,0.04
15-05-1230-43,1,0.04
15-05-1280-42,1,0.04
15-05-1281-42,1,0.04
15-05-1301-43,1,0.04
15-05-1370-43,1,0.04
15-05-1371-43,1,0.04
15-05-1372-43,1,0.04
15-05-1373-43,1,0.04
15-05-1374-43,1,0.04
15-05-1412-43,1,0.04
15-05-1413-43,1,0.04
15-05-1463-45,1,0.04
15-05-1464-45,1,0.04
15-05-1491-43,1,0.04
15-05-1492-43,1,0.04
15-05-1493-43,1,0.04
15-05-1608-43,1,0.04
15-05-1609-43,1,0.04
15-05-1610-43,1,0.04
15-05-1611-43,1,0.04
15-05-1612-43,1,0.04
15-05-1653-42,1,0.04
15-05-1654-42,1,0.04
15-05-1655-42,1,0.04
15-05-1656-42,1,0.04
15-05-1710-42,1,0.04
15-05-1815-43,1,0.04
15-05-1816-43,1,0.04
15-05-1817-42,1,0.04
15-05-1818-42,1,0.04
15-05-1819-42,1,0.04
15-05-1820-42,1,0.04
15-05-1821-42,1,0.04
15-05-1822-43,1,0.04
15-05-1823-42,1,0.04
15-05-1824-42,1,0.04
15-05-1882-42,1,0.04
15-05-1883-42,1,0.04
15-05-1893-43,1,0.04
15-05-1894-43,1,0.04
15-05-1895-43,1,0.04
15-05-1940-46,1,0.04
15-05-1941-45,1,0.04
15-05-1942-46,1,0.04
15-05-1996-42,1,0.04
15-05-2072-42,1,0.04
15-05-2073-43,1,0.04
15-05-2076-45,1,0.04
15-05-2081-42,1,0.04
15-05-2094-43,1,0.04
15-05-2115-43,1,0.04
15-05-2116-45,1,0.04
15-05-2145-43,1,0.04
15-05-2153-46,1,0.04
15-05-2169-42,1,0.04
15-05-2170-42,1,0.04
15-05-2171-46,1,0.04
15-05-2172-46,1,0.04
15-05-2173-42,1,0.04
15-05-2174-42,1,0.04
15-05-2179-43,1,0.04
15-05-2199-42,1,0.04
15-05-2200-42,1,0.04
15-05-2201-42,1,0.04
15-05-2202-43,1,0.04
15-06-0001-42,1,0.04
15-06-0002-43,1,0.04
15-06-0003-43,1,0.04
15-06-0004-43,1,0.04
15-06-0005-45,1,0.04
15-06-0006-46,1,0.04
15-06-0007-43,1,0.04
15-06-0008-42,1,0.04
15-06-0009-42,1,0.04
15-06-0010-42,1,0.04
15-06-0011-42,1,0.04
15-06-0012-42,1,0.04
15-06-0013-46,1,0.04
15-06-0014-45,1,0.04
15-06-0015-42,1,0.04
15-06-0016-42,1,0.04
15-06-0017-46,1,0.04
15-06-0216-42,1,0.04
15-06-0217-43,1,0.04
15-06-0218-43,1,0.04
15-06-0219-43,1,0.04
15-06-0220-43,1,0.04
15-06-0221-43,1,0.04
15-06-0222-43,1,0.04
15-06-0223-43,1,0.04
15-06-0224-43,1,0.04
15-06-0225-43,1,0.04
15-06-0226-43,1,0.04
15-06-0227-43,1,0.04
15-06-0228-43,1,0.04
15-06-0229-43,1,0.04
15-06-0230-43,1,0.04
15-06-0231-43,1,0.04
15-06-0232-43,1,0.04
15-06-0233-43,1,0.04
15-06-0234-45,1,0.04
15-06-0668-43,1,0.04
15-06-0689-43,1,0.04
15-06-0691-43,1,0.04
15-06-0698-42,1,0.04
15-06-1203-42,1,0.04
15-06-1204-42,1,0.04
15-06-1206-42,1,0.04
15-06-1207-42,1,0.04
15-06-1208-42,1,0.04
15-06-1209-42,1,0.04
15-06-1225-43,1,0.04
15-06-1226-43,1,0.04
15-06-1227-43,1,0.04
15-06-1228-43,1,0.04
15-06-1229-42,1,0.04
15-06-1265-46,1,0.04
15-06-1342-42,1,0.04
15-06-1343-42,1,0.04
15-06-1344-42,1,0.04
15-06-1345-42,1,0.04
15-06-1346-42,1,0.04
15-06-1354-42,1,0.04
15-06-1357-42,1,0.04
15-06-1407-43,1,0.04
15-06-1409-43,1,0.04
15-06-1468-45,1,0.04
15-06-1494-43,1,0.04
15-06-1531-43,1,0.04
15-06-1532-43,1,0.04
15-06-1533-43,1,0.04
15-06-1534-43,1,0.04
15-06-1535-43,1,0.04
15-06-1560-43,1,0.04
15-06-1627-43,1,0.04
15-06-1635-42,1,0.04
15-06-1681-45,1,0.04
15-06-1684-43,1,0.04
15-06-1741-45,1,0.04
15-06-1804-42,1,0.04
15-06-1825-42,1,0.04
15-06-1826-43,1,0.04
15-06-1832-42,1,0.04
15-06-1943-45,1,0.04
15-06-1999-42,1,0.04
15-06-2018-43,1,0.04
15-06-2102-43,1,0.04
15-06-2117-45,1,0.04
15-06-2121-43,1,0.04
15-06-2139-42,1,0.04
15-06-2144-42,1,0.04
15-06-2154-45,1,0.04
15-06-2175-42,1,0.04
15-06-2176-43,1,0.04
15-07-0001-42,1,0.04
15-07-0002-42,1,0.04
15-07-0003-42,1,0.04
15-07-0004-42,1,0.04
15-07-0005-42,1,0.04
15-07-0006-43,1,0.04
15-07-0007-43,1,0.04
15-07-0008-43,1,0.04
15-07-0009-43,1,0.04
15-07-0010-43,1,0.04
15-07-0011-43,1,0.04
15-07-0012-43,1,0.04
15-07-0013-43,1,0.04
15-07-0014-43,1,0.04
15-07-0015-45,1,0.04
15-07-0016-45,1,0.04
15-07-0017-45,1,0.04
15-07-0018-45,1,0.04
15-07-0019-42,1,0.04
15-07-0020-42,1,0.04
15-07-0021-42,1,0.04
15-07-0022-42,1,0.04
15-07-0023-42,1,0.04
15-07-0024-42,1,0.04
15-07-0025-42,1,0.04
15-07-0026-42,1,0.04
15-07-0027-45,1,0.04
15-07-0028-45,1,0.04
15-07-0029-42,1,0.04
15-07-0030-43,1,0.04
15-07-0031-43,1,0.04
15-07-0032-45,1,0.04
15-07-0033-46,1,0.04
15-07-0034-46,1,0.04
15-07-0035-45,1,0.04
15-07-0036-46,1,0.04
15-07-0037-43,1,0.04
15-07-0038-42,1,0.04
15-07-0039-42,1,0.04
15-07-0040-42,1,0.04
15-07-0041-45,1,0.04
15-07-0042-43,1,0.04
15-07-0043-46,1,0.04
15-07-0044-42,1,0.04
15-07-0045-46,1,0.04
15-07-0046-46,1,0.04
15-07-0047-45,1,0.04
15-07-0048-46,1,0.04
15-07-0049-45,1,0.04
15-07-0050-45,1,0.04
15-07-0051-45,1,0.04
15-07-0052-45,1,0.04
15-07-0053-45,1,0.04
15-07-0054-46,1,0.04
15-07-0235-42,1,0.04
15-07-0236-43,1,0.04
15-07-0237-43,1,0.04
15-07-0238-43,1,0.04
15-07-0239-43,1,0.04
15-07-0240-43,1,0.04
15-07-0241-43,1,0.04
15-07-0242-43,1,0.04
15-07-0243-43,1,0.04
15-07-0244-43,1,0.04
15-07-0245-43,1,0.04
15-07-0246-43,1,0.04
15-07-0247-43,1,0.04
15-07-0248-43,1,0.04
15-07-0249-43,1,0.04
15-07-0250-43,1,0.04
15-07-0251-43,1,0.04
15-07-0252-43,1,0.04
15-07-0253-43,1,0.04
15-07-0254-45,1,0.04
15-07-0338-42,1,0.04
15-07-0353-43,1,0.04
15-07-0664-42,1,0.04
15-07-0676-43,1,0.04
15-07-0677-43,1,0.04
15-07-0766-42,1,0.04
15-07-1161-43,1,0.04
15-07-1162-43,1,0.04
15-07-1163-45,1,0.04
15-07-1164-45,1,0.04
15-07-1191-42,1,0.04
15-07-1233-43,1,0.04
15-07-1234-42,1,0.04
15-07-1245-41,1,0.04
15-07-1347-42,1,0.04
15-07-1348-42,1,0.04
15-07-1396-43,1,0.04
15-07-1397-43,1,0.04
15-07-1398-43,1,0.04
15-07-1399-43,1,0.04
15-07-1400-43,1,0.04
15-07-1401-43,1,0.04
15-07-1402-43,1,0.04
15-07-1475-42,1,0.04
15-07-1476-43,1,0.04
15-07-1477-43,1,0.04
15-07-1495-43,1,0.04
15-07-1547-42,1,0.04
15-07-1548-42,1,0.04
15-07-1559-43,1,0.04
15-07-1582-42,1,0.04
15-07-1583-42,1,0.04
15-07-1617-43,1,0.04
15-07-1636-42,1,0.04
15-07-1637-42,1,0.04
15-07-1657-42,1,0.04
15-07-1658-42,1,0.04
15-07-1659-42,1,0.04
15-07-1671-43,1,0.04
15-07-1686-42,1,0.04
15-07-1699-42,1,0.04
15-07-1700-43,1,0.04
15-07-1701-42,1,0.04
15-07-1702-42,1,0.04
15-07-1703-42,1,0.04
15-07-1717-41,1,0.04
15-07-1728-43,1,0.04
15-07-1739-45,1,0.04
15-07-1762-42,1,0.04
15-07-1806-42,1,0.04
15-07-1807-42,1,0.04
15-07-1808-42,1,0.04
15-07-1809-42,1,0.04
15-07-1860-42,1,0.04
15-07-1861-42,1,0.04
15-07-1884-42,1,0.04
15-07-1885-42,1,0.04
15-07-1886-42,1,0.04
15-07-1932-42,1,0.04
15-07-2055-42,1,0.04
15-07-2060-43,1,0.04
15-07-2061-42,1,0.04
15-07-2155-45,1,0.04
15-07-2191-42,1,0.04
15-07-2192-42,1,0.04
15-07-2193-42,1,0.04
15-08-0001-43,1,0.04
15-08-0002-43,1,0.04
15-08-0003-41,1,0.04
15-08-0004-43,1,0.04
15-08-0005-45,1,0.04
15-08-0006-46,1,0.04
15-08-0007-42,1,0.04
15-08-0008-42,1,0.04
15-08-0009-42,1,0.04
15-08-0010-42,1,0.04
15-08-0011-42,1,0.04
15-08-0012-42,1,0.04
15-08-0013-42,1,0.04
15-08-0014-42,1,0.04
15-08-0015-41,1,0.04
15-08-0016-42,1,0.04
15-08-0017-42,1,0.04
15-08-0018-42,1,0.04
15-08-0019-42,1,0.04
15-08-0020-42,1,0.04
15-08-0021-41,1,0.04
15-08-0022-41,1,0.04
15-08-0023-42,1,0.04
15-08-0024-42,1,0.04
15-08-0025-42,1,0.04
15-08-0026-41,1,0.04
15-08-0027-42,1,0.04
15-08-0028-42,1,0.04
15-08-0029-42,1,0.04
15-08-0030-42,1,0.04
15-08-0031-42,1,0.04
15-08-0032-42,1,0.04
15-08-0033-43,1,0.04
15-08-0034-43,1,0.04
15-08-0035-43,1,0.04
15-08-0036-43,1,0.04
15-08-0037-43,1,0.04
15-08-0038-43,1,0.04
15-08-0039-43,1,0.04
15-08-0040-43,1,0.04
15-08-0041-43,1,0.04
15-08-0042-43,1,0.04
15-08-0043-43,1,0.04
15-08-0044-43,1,0.04
15-08-0045-43,1,0.04
15-08-0046-43,1,0.04
15-08-0047-43,1,0.04
15-08-0048-43,1,0.04
15-08-0049-43,1,0.04
15-08-0050-43,1,0.04
15-08-0051-43,1,0.04
15-08-0052-43,1,0.04
15-08-0053-43,1,0.04
15-08-0054-43,1,0.04
15-08-0055-43,1,0.04
15-08-0056-43,1,0.04
15-08-0057-43,1,0.04
15-08-0058-43,1,0.04
15-08-0059-43,1,0.04
15-08-0060-43,1,0.04
15-08-0061-43,1,0.04
15-08-0062-43,1,0.04
15-08-0063-43,1,0.04
15-08-0064-43,1,0.04
15-08-0065-43,1,0.04
15-08-0066-43,1,0.04
15-08-0067-43,1,0.04
15-08-0068-43,1,0.04
15-08-0069-43,1,0.04
15-08-0070-43,1,0.04
15-08-0071-43,1,0.04
15-08-0072-43,1,0.04
15-08-0073-43,1,0.04
15-08-0074-43,1,0.04
15-08-0075-43,1,0.04
15-08-0076-43,1,0.04
15-08-0077-43,1,0.04
15-08-0078-43,1,0.04
15-08-0079-43,1,0.04
15-08-0080-43,1,0.04
15-08-0081-43,1,0.04
15-08-0082-43,1,0.04
15-08-0083-43,1,0.04
15-08-0084-43,1,0.04
15-08-0085-43,1,0.04
15-08-0086-43,1,0.04
15-08-0087-43,1,0.04
15-08-0088-43,1,0.04
15-08-0089-43,1,0.04
15-08-0090-43,1,0.04
15-08-0091-43,1,0.04
15-08-0092-43,1,0.04
15-08-0093-43,1,0.04
15-08-0094-43,1,0.04
15-08-0095-43,1,0.04
15-08-0096-43,1,0.04
15-08-0097-43,1,0.04
15-08-0098-43,1,0.04
15-08-0099-43,1,0.04
15-08-0100-43,1,0.04
15-08-0101-43,1,0.04
15-08-0102-45,1,0.04
15-08-0103-45,1,0.04
15-08-0104-45,1,0.04
15-08-0105-45,1,0.04
15-08-0106-45,1,0.04
15-08-0107-45,1,0.04
15-08-0108-43,1,0.04
15-08-0109-43,1,0.04
15-08-0110-43,1,0.04
15-08-0111-43,1,0.04
15-08-0112-43,1,0.04
15-08-0113-43,1,0.04
15-08-0114-43,1,0.04
15-08-0115-43,1,0.04
15-08-0116-43,1,0.04
15-08-0117-43,1,0.04
15-08-0118-42,1,0.04
15-08-0119-42,1,0.04
15-08-0120-42,1,0.04
15-08-0121-42,1,0.04
15-08-0122-42,1,0.04
15-08-0123-42,1,0.04
15-08-0124-42,1,0.04
15-08-0125-41,1,0.04
15-08-0126-41,1,0.04
15-08-0127-41,1,0.04
15-08-0128-41,1,0.04
15-08-0129-41,1,0.04
15-08-0130-45,1,0.04
15-08-0131-46,1,0.04
15-08-0132-43,1,0.04
15-08-0133-42,1,0.04
15-08-0134-42,1,0.04
15-08-0135-43,1,0.04
15-08-0136-43,1,0.04
15-08-0137-42,1,0.04
15-08-0138-41,1,0.04
15-08-0139-43,1,0.04
15-08-0140-41,1,0.04
15-08-0141-45,1,0.04
15-08-0142-45,1,0.04
15-08-0143-45,1,0.04
15-08-0144-45,1,0.04
15-08-0145-45,1,0.04
15-08-0146-45,1,0.04
15-08-0147-45,1,0.04
15-08-0148-45,1,0.04
15-08-0149-45,1,0.04
15-08-0150-45,1,0.04
15-08-0151-45,1,0.04
15-08-0152-41,1,0.04
15-08-0153-41,1,0.04
15-08-0154-42,1,0.04
15-08-0155-43,1,0.04
15-08-0156-43,1,0.04
15-08-0157-43,1,0.04
15-08-0158-42,1,0.04
15-08-0159-42,1,0.04
15-08-0160-42,1,0.04
15-08-0161-41,1,0.04
15-08-0162-42,1,0.04
15-08-0163-42,1,0.04
15-08-0164-42,1,0.04
15-08-0165-47,1,0.04
15-08-0166-41,1,0.04
15-08-0167-42,1,0.04
15-08-0168-43,1,0.04
15-08-0169-43,1,0.04
15-08-0170-43,1,0.04
15-08-0171-46,1,0.04
15-08-0172-45,1,0.04
15-08-0173-46,1,0.04
15-08-0174-45,1,0.04
15-08-0175-45,1,0.04
15-08-0176-43,1,0.04
15-08-0177-41,1,0.04
15-08-0178-41,1,0.04
15-08-0179-41,1,0.04
15-08-0180-41,1,0.04
15-08-0181-41,1,0.04
15-08-0182-41,1,0.04
15-08-0183-41,1,0.04
15-08-0184-41,1,0.04
15-08-0185-41,1,0.04
15-08-0186-41,1,0.04
15-08-0187-43,1,0.04
15-08-0188-43,1,0.04
15-08-0189-45,1,0.04
15-08-0190-43,1,0.04
15-08-0191-42,1,0.04
15-08-0192-42,1,0.04
15-08-0193-42,1,0.04
15-08-0194-42,1,0.04
15-08-0195-45,1,0.04
15-08-0196-45,1,0.04
15-08-0197-46,1,0.04
15-08-0198-43,1,0.04
15-08-0199-43,1,0.04
15-08-0200-46,1,0.04
15-08-0201-45,1,0.04
15-08-0202-45,1,0.04
15-08-0203-43,1,0.04
15-08-0204-45,1,0.04
15-08-0205-46,1,0.04
15-08-0206-46,1,0.04
15-08-0207-46,1,0.04
15-08-0208-45,1,0.04
15-08-0209-43,1,0.04
15-08-0210-43,1,0.04
15-08-0211-43,1,0.04
15-08-0212-43,1,0.04
15-08-0213-42,1,0.04
15-08-0214-46,1,0.04
15-08-0215-43,1,0.04
15-08-0216-42,1,0.04
15-08-0217-45,1,0.04
15-08-0218-45,1,0.04
15-08-0219-46,1,0.04
15-08-0220-46,1,0.04
15-08-0221-42,1,0.04
15-08-0222-43,1,0.04
15-08-0223-43,1,0.04
15-08-0224-45,1,0.04
15-08-0225-46,1,0.04
15-08-0226-45,1,0.04
15-08-0227-42,1,0.04
15-08-0228-45,1,0.04
15-08-0229-45,1,0.04
15-08-0230-42,1,0.04
15-08-0231-43,1,0.04
15-08-0232-42,1,0.04
15-08-0233-42,1,0.04
15-08-0234-42,1,0.04
15-08-0235-42,1,0.04
15-08-0236-42,1,0.04
15-08-0237-42,1,0.04
15-08-0238-42,1,0.04
15-08-0239-42,1,0.04
15-08-0240-42,1,0.04
15-08-0241-42,1,0.04
15-08-0242-42,1,0.04
15-08-0243-42,1,0.04
15-08-0244-42,1,0.04
15-08-0245-42,1,0.04
15-08-0246-43,1,0.04
15-08-0247-46,1,0.04
15-08-0248-45,1,0.04
15-08-0249-43,1,0.04
15-08-0250-41,1,0.04
15-08-0251-46,1,0.04
15-08-0252-45,1,0.04
15-08-0253-45,1,0.04
15-08-0254-46,1,0.04
15-08-0255-41,1,0.04
15-08-0256-41,1,0.04
15-08-0257-45,1,0.04
15-08-0258-41,1,0.04
15-08-0259-41,1,0.04
15-08-0260-41,1,0.04
15-08-0261-41,1,0.04
15-08-0262-41,1,0.04
15-08-0263-41,1,0.04
15-08-0264-41,1,0.04
15-08-0265-41,1,0.04
15-08-0266-41,1,0.04
15-08-0267-41,1,0.04
15-08-0268-45,1,0.04
15-08-0269-41,1,0.04
15-08-0270-45,1,0.04
15-08-0271-45,1,0.04
15-08-0272-41,1,0.04
15-08-0273-42,1,0.04
15-08-0274-44,1,0.04
15-08-0275-45,1,0.04
15-08-0276-43,1,0.04
15-08-0277-43,1,0.04
15-08-0278-43,1,0.04
15-08-0279-43,1,0.04
15-08-0280-43,1,0.04
15-08-0281-42,1,0.04
15-08-0282-43,1,0.04
15-08-0283-43,1,0.04
15-08-0284-43,1,0.04
15-08-0285-43,1,0.04
15-08-0286-43,1,0.04
15-08-0287-43,1,0.04
15-08-0288-43,1,0.04
15-08-0289-43,1,0.04
15-08-0290-43,1,0.04
15-08-0291-43,1,0.04
15-08-0292-43,1,0.04
15-08-0293-43,1,0.04
15-08-0294-43,1,0.04
15-08-0295-43,1,0.04
15-08-0296-43,1,0.04
15-08-0297-46,1,0.04
15-08-0298-46,1,0.04
15-08-0299-43,1,0.04
15-08-0300-44,1,0.04
15-08-0301-45,1,0.04
15-08-0302-45,1,0.04
15-08-0332-41,1,0.04
15-08-0333-41,1,0.04
15-08-0334-41,1,0.04
15-08-0335-41,1,0.04
15-08-0354-43,1,0.04
15-08-0355-43,1,0.04
15-08-0356-43,1,0.04
15-08-0357-43,1,0.04
15-08-0358-43,1,0.04
15-08-0359-43,1,0.04
15-08-0671-41,1,0.04
15-08-0688-41,1,0.04
15-08-0692-43,1,0.04
15-08-0765-41,1,0.04
15-08-1160-41,1,0.04
15-08-1248-43,1,0.04
15-08-1249-43,1,0.04
15-08-1250-43,1,0.04
15-08-1251-43,1,0.04
15-08-1252-43,1,0.04
15-08-1263-42,1,0.04
15-08-1264-43,1,0.04
15-08-1292-43,1,0.04
15-08-1307-43,1,0.04
15-08-1308-43,1,0.04
15-08-1312-43,1,0.04
15-08-1313-43,1,0.04
15-08-1314-43,1,0.04
15-08-1315-43,1,0.04
15-08-1316-43,1,0.04
15-08-1317-43,1,0.04
15-08-1318-43,1,0.04
15-08-1319-43,1,0.04
15-08-1320-43,1,0.04
15-08-1321-43,1,0.04
15-08-1322-43,1,0.04
15-08-1323-43,1,0.04
15-08-1324-43,1,0.04
15-08-1325-43,1,0.04
15-08-1359-41,1,0.04
15-08-1375-43,1,0.04
15-08-1376-43,1,0.04
15-08-1377-43,1,0.04
15-08-1378-43,1,0.04
15-08-1379-43,1,0.04
15-08-1380-43,1,0.04
15-08-1381-43,1,0.04
15-08-1382-43,1,0.04
15-08-1383-43,1,0.04
15-08-1384-43,1,0.04
15-08-1408-43,1,0.04
15-08-1414-43,1,0.04
15-08-1415-43,1,0.04
15-08-1416-43,1,0.04
15-08-1417-43,1,0.04
15-08-1418-43,1,0.04
15-08-1419-43,1,0.04
15-08-1420-43,1,0.04
15-08-1421-43,1,0.04
15-08-1422-43,1,0.04
15-08-1423-43,1,0.04
15-08-1424-43,1,0.04
15-08-1425-43,1,0.04
15-08-1426-43,1,0.04
15-08-1427-43,1,0.04
15-08-1428-43,1,0.04
15-08-1429-43,1,0.04
15-08-1430-43,1,0.04
15-08-1431-43,1,0.04
15-08-1470-43,1,0.04
15-08-1496-43,1,0.04
15-08-1497-43,1,0.04
15-08-1498-43,1,0.04
15-08-1499-43,1,0.04
15-08-1500-43,1,0.04
15-08-1501-43,1,0.04
15-08-1502-43,1,0.04
15-08-1503-43,1,0.04
15-08-1504-43,1,0.04
15-08-1505-43,1,0.04
15-08-1506-43,1,0.04
15-08-1507-43,1,0.04
15-08-1508-43,1,0.04
15-08-1523-43,1,0.04
15-08-1527-43,1,0.04
15-08-1536-43,1,0.04
15-08-1556-43,1,0.04
15-08-1567-42,1,0.04
15-08-1568-42,1,0.04
15-08-1570-42,1,0.04
15-08-1571-42,1,0.04
15-08-1572-42,1,0.04
15-08-1573-42,1,0.04
15-08-1574-42,1,0.04
15-08-1575-42,1,0.04
15-08-1576-42,1,0.04
15-08-1577-42,1,0.04
15-08-1590-45,1,0.04
15-08-1591-45,1,0.04
15-08-1595-42,1,0.04
15-08-1596-41,1,0.04
15-08-1597-45,1,0.04
15-08-1598-41,1,0.04
15-08-1599-43,1,0.04
15-08-1600-42,1,0.04
15-08-1613-43,1,0.04
15-08-1614-43,1,0.04
15-08-1626-41,1,0.04
15-08-1628-41,1,0.04
15-08-1629-41,1,0.04
15-08-1630-41,1,0.04
15-08-1631-41,1,0.04
15-08-1632-41,1,0.04
15-08-1634-41,1,0.04
15-08-1641-41,1,0.04
15-08-1660-42,1,0.04
15-08-1683-42,1,0.04
15-08-1704-41,1,0.04
15-08-1714-43,1,0.04
15-08-1716-43,1,0.04
15-08-1718-41,1,0.04
15-08-1719-41,1,0.04
15-08-1725-43,1,0.04
15-08-1726-43,1,0.04
15-08-1727-43,1,0.04
15-08-1729-41,1,0.04
15-08-1730-41,1,0.04
15-08-1734-41,1,0.04
15-08-1765-42,1,0.04
15-08-1770-42,1,0.04
15-08-1771-42,1,0.04
15-08-1772-42,1,0.04
15-08-1773-42,1,0.04
15-08-1774-42,1,0.04
15-08-1775-42,1,0.04
15-08-1776-42,1,0.04
15-08-1777-42,1,0.04
15-08-1778-42,1,0.04
15-08-1779-42,1,0.04
15-08-1784-42,1,0.04
15-08-1796-43,1,0.04
15-08-1797-43,1,0.04
15-08-1798-43,1,0.04
15-08-1799-43,1,0.04
15-08-1800-43,1,0.04
15-08-1801-43,1,0.04
15-08-1802-41,1,0.04
15-08-1803-41,1,0.04
15-08-1838-43,1,0.04
15-08-1839-43,1,0.04
15-08-1865-41,1,0.04
15-08-1866-42,1,0.04
15-08-1867-43,1,0.04
15-08-1868-43,1,0.04
15-08-1869-43,1,0.04
15-08-1870-43,1,0.04
15-08-1871-43,1,0.04
15-08-1872-43,1,0.04
15-08-1896-41,1,0.04
15-08-1897-43,1,0.04
15-08-1898-41,1,0.04
15-08-1899-43,1,0.04
15-08-1900-41,1,0.04
15-08-1901-43,1,0.04
15-08-1902-43,1,0.04
15-08-1903-43,1,0.04
15-08-1904-41,1,0.04
15-08-1905-43,1,0.04
15-08-1906-41,1,0.04
15-08-1907-43,1,0.04
15-08-1908-43,1,0.04
15-08-1909-43,1,0.04
15-08-1910-43,1,0.04
15-08-1911-41,1,0.04
15-08-1912-43,1,0.04
15-08-1913-43,1,0.04
15-08-1914-43,1,0.04
15-08-1915-43,1,0.04
15-08-1931-41,1,0.04
15-08-1936-43,1,0.04
15-08-1953-42,1,0.04
15-08-1954-43,1,0.04
15-08-1968-42,1,0.04
15-08-1970-43,1,0.04
15-08-1971-43,1,0.04
15-08-1972-43,1,0.04
15-08-1973-43,1,0.04
15-08-1974-43,1,0.04
15-08-1975-43,1,0.04
15-08-1976-43,1,0.04
15-08-1977-43,1,0.04
15-08-1978-43,1,0.04
15-08-1984-43,1,0.04
15-08-1985-43,1,0.04
15-08-1988-42,1,0.04
15-08-1989-42,1,0.04
15-08-1990-42,1,0.04
15-08-1991-42,1,0.04
15-08-1992-42,1,0.04
15-08-1993-42,1,0.04
15-08-1994-42,1,0.04
15-08-1995-42,1,0.04
15-08-2019-43,1,0.04
15-08-2058-42,1,0.04
15-08-2059-43,1,0.04
15-08-2067-42,1,0.04
15-08-2071-43,1,0.04
15-08-2082-42,1,0.04
15-08-2095-42,1,0.04
15-08-2096-42,1,0.04
15-08-2097-42,1,0.04
15-08-2098-42,1,0.04
15-08-2099-42,1,0.04
15-08-2100-42,1,0.04
15-08-2101-42,1,0.04
15-08-2103-43,1,0.04
15-08-2104-43,1,0.04
15-08-2105-43,1,0.04
15-08-2106-43,1,0.04
15-08-2107-43,1,0.04
15-08-2118-45,1,0.04
15-08-2119-45,1,0.04
15-08-2120-45,1,0.04
15-08-2131-43,1,0.04
15-08-2132-43,1,0.04
15-08-2140-42,1,0.04
15-08-2141-42,1,0.04
15-08-2142-42,1,0.04
15-08-2143-42,1,0.04
15-08-2156-42,1,0.04
15-08-2157-43,1,0.04
15-08-2158-46,1,0.04
15-08-2159-45,1,0.04
15-08-2160-42,1,0.04
15-08-2163-45,1,0.04
15-08-2177-42,1,0.04
15-08-2178-43,1,0.04
15-08-2184-42,1,0.04
15-08-2185-43,1,0.04
15-08-2197-42,1,0.04
15-08-2198-42,1,0.04
15-08-2200-42,1,0.04
15-08-2201-42,1,0.04
15-08-2202-42,1,0.04
15-08-9999-42,1,0.04
